{"step":2,"epoch":1,"_wandb":{"runtime":42},"_timestamp":1.7470953716232095e+09,"_runtime":29.2111166,"_step":1,"train loss":0.5240401029586792}